[
  {
    "inputs": [
      { "internalType": "address", "name": "", "type": "address" },
      { "internalType": "uint256", "name": "", "type": "uint256" }
    ],
    "name": "messageDetails",
    "outputs": [{ "internalType": "bytes", "name": "", "type": "bytes" }],
    "stateMutability": "view",
    "type": "function"
  },
  {
    "inputs": [{ "internalType": "address", "name": "", "type": "address" }],
    "name": "publickeys",
    "outputs": [{ "internalType": "bytes", "name": "", "type": "bytes" }],
    "stateMutability": "view",
    "type": "function"
  },
  {
    "inputs": [{ "internalType": "bytes", "name": "_pubkey", "type": "bytes" }],
    "name": "sendPublicKey",
    "outputs": [],
    "stateMutability": "nonpayable",
    "type": "function"
  },
  {
    "inputs": [
      { "internalType": "bytes", "name": "_message", "type": "bytes" },
      { "internalType": "address", "name": "reciever", "type": "address" }
    ],
    "name": "storeData",
    "outputs": [],
    "stateMutability": "nonpayable",
    "type": "function"
  },
  {
    "inputs": [
      { "internalType": "address", "name": "reciever", "type": "address" }
    ],
    "name": "viewMessage",
    "outputs": [{ "internalType": "bytes[]", "name": "", "type": "bytes[]" }],
    "stateMutability": "view",
    "type": "function"
  },
  {
    "inputs": [
      { "internalType": "uint256", "name": "_index", "type": "uint256" },
      { "internalType": "address", "name": "reciever", "type": "address" }
    ],
    "name": "viewMessageByIndex",
    "outputs": [{ "internalType": "bytes", "name": "", "type": "bytes" }],
    "stateMutability": "view",
    "type": "function"
  },
  {
    "inputs": [
      { "internalType": "address", "name": "reciever", "type": "address" }
    ],
    "name": "viewPublickEY",
    "outputs": [{ "internalType": "bytes", "name": "", "type": "bytes" }],
    "stateMutability": "view",
    "type": "function"
  }
]
